date,label,severity,location,affects_ubon10
2025-05-28,"28 พ.ค.
ปะทะช่องบก ครั้งแรก
ทหารกัมพูชาเสียชีวิต 1",medium,ช่องบก อ.น้ำยืน,True
2025-07-23,"23 ก.ค.
ทหารไทยเหยียบกับระเบิด
ช่องอานม้า ขาขาด 1",high,ช่องอานม้า อ.น้ำยืน,True
2025-07-24,"24 ก.ค.
ปะทะหนัก ปิดด่านชายแดน 4 แห่ง
F-16 โจมตีเป้าหมายกัมพูชา",critical,ช่องบก/ช่องอานม้า,True
2025-12-08,"8 ธ.ค.
กัมพูชายิง BM-21
รพ.น้ำยืน รพ.น้ำขุ่น ปิด",critical,น้ำยืน/น้ำขุ่น,True
2026-02-01,"1 ก.พ. 2569
วันเลือกตั้งล่วงหน้า",election,ทั่วเขต,True
2026-02-08,"8 ก.พ. 2569
วันเลือกตั้ง",election,ทั่วเขต,True
