amphoe,tambon,cand_number,candidate_name,party_name,color_hex,score
ล่วงหน้านอกเขต,ล่วงหน้านอกเขต,1,นายเกษม ฉิมพลี,ภูมิใจไทย,#212b6b,301
ล่วงหน้านอกเขต,ล่วงหน้านอกเขต,2,นายสมศักดิ์ บุญประชม,เพื่อไทรวมพลัง,#ff66cc,4659
ล่วงหน้านอกเขต,ล่วงหน้านอกเขต,3,นายวัชรพล เชื้อคง,เพื่อไทย,#e0002b,600
ล่วงหน้านอกเขต,ล่วงหน้านอกเขต,4,นางสาวมิลิณ กำเนิดสิงห์,พลังประชารัฐ,#1f56a3,66
ล่วงหน้านอกเขต,ล่วงหน้านอกเขต,5,นายสิโรตม์ แสนทวีสุข,ประชาชน,#f47933,1979
ล่วงหน้านอกเขต,ล่วงหน้านอกเขต,6,นายยิ่ง ภูผา,ประชาธิปัตย์,#00a2e8,21
อำเภอทุ่งศรีอุดม,ตำบลกุดเรือ,1,นายเกษม ฉิมพลี,ภูมิใจไทย,#212b6b,267
อำเภอทุ่งศรีอุดม,ตำบลกุดเรือ,2,นายสมศักดิ์ บุญประชม,เพื่อไทรวมพลัง,#ff66cc,2389
อำเภอทุ่งศรีอุดม,ตำบลกุดเรือ,3,นายวัชรพล เชื้อคง,เพื่อไทย,#e0002b,166
อำเภอทุ่งศรีอุดม,ตำบลกุดเรือ,4,นางสาวมิลิณ กำเนิดสิงห์,พลังประชารัฐ,#1f56a3,18
อำเภอทุ่งศรีอุดม,ตำบลกุดเรือ,5,นายสิโรตม์ แสนทวีสุข,ประชาชน,#f47933,76
อำเภอทุ่งศรีอุดม,ตำบลกุดเรือ,6,นายยิ่ง ภูผา,ประชาธิปัตย์,#00a2e8,8
อำเภอทุ่งศรีอุดม,ตำบลนาห่อม,1,นายเกษม ฉิมพลี,ภูมิใจไทย,#212b6b,44
อำเภอทุ่งศรีอุดม,ตำบลนาห่อม,2,นายสมศักดิ์ บุญประชม,เพื่อไทรวมพลัง,#ff66cc,1554
อำเภอทุ่งศรีอุดม,ตำบลนาห่อม,3,นายวัชรพล เชื้อคง,เพื่อไทย,#e0002b,192
อำเภอทุ่งศรีอุดม,ตำบลนาห่อม,4,นางสาวมิลิณ กำเนิดสิงห์,พลังประชารัฐ,#1f56a3,19
อำเภอทุ่งศรีอุดม,ตำบลนาห่อม,5,นายสิโรตม์ แสนทวีสุข,ประชาชน,#f47933,147
อำเภอทุ่งศรีอุดม,ตำบลนาห่อม,6,นายยิ่ง ภูผา,ประชาธิปัตย์,#00a2e8,20
อำเภอทุ่งศรีอุดม,ตำบลนาเกษม,1,นายเกษม ฉิมพลี,ภูมิใจไทย,#212b6b,348
อำเภอทุ่งศรีอุดม,ตำบลนาเกษม,2,นายสมศักดิ์ บุญประชม,เพื่อไทรวมพลัง,#ff66cc,1957
อำเภอทุ่งศรีอุดม,ตำบลนาเกษม,3,นายวัชรพล เชื้อคง,เพื่อไทย,#e0002b,154
อำเภอทุ่งศรีอุดม,ตำบลนาเกษม,4,นางสาวมิลิณ กำเนิดสิงห์,พลังประชารัฐ,#1f56a3,41
อำเภอทุ่งศรีอุดม,ตำบลนาเกษม,5,นายสิโรตม์ แสนทวีสุข,ประชาชน,#f47933,89
อำเภอทุ่งศรีอุดม,ตำบลนาเกษม,6,นายยิ่ง ภูผา,ประชาธิปัตย์,#00a2e8,5
อำเภอทุ่งศรีอุดม,ตำบลหนองอ้ม,1,นายเกษม ฉิมพลี,ภูมิใจไทย,#212b6b,79
อำเภอทุ่งศรีอุดม,ตำบลหนองอ้ม,2,นายสมศักดิ์ บุญประชม,เพื่อไทรวมพลัง,#ff66cc,1919
อำเภอทุ่งศรีอุดม,ตำบลหนองอ้ม,3,นายวัชรพล เชื้อคง,เพื่อไทย,#e0002b,265
อำเภอทุ่งศรีอุดม,ตำบลหนองอ้ม,4,นางสาวมิลิณ กำเนิดสิงห์,พลังประชารัฐ,#1f56a3,45
อำเภอทุ่งศรีอุดม,ตำบลหนองอ้ม,5,นายสิโรตม์ แสนทวีสุข,ประชาชน,#f47933,176
อำเภอทุ่งศรีอุดม,ตำบลหนองอ้ม,6,นายยิ่ง ภูผา,ประชาธิปัตย์,#00a2e8,15
อำเภอทุ่งศรีอุดม,ตำบลโคกชำแระ,1,นายเกษม ฉิมพลี,ภูมิใจไทย,#212b6b,81
อำเภอทุ่งศรีอุดม,ตำบลโคกชำแระ,2,นายสมศักดิ์ บุญประชม,เพื่อไทรวมพลัง,#ff66cc,2317
อำเภอทุ่งศรีอุดม,ตำบลโคกชำแระ,3,นายวัชรพล เชื้อคง,เพื่อไทย,#e0002b,118
อำเภอทุ่งศรีอุดม,ตำบลโคกชำแระ,4,นางสาวมิลิณ กำเนิดสิงห์,พลังประชารัฐ,#1f56a3,22
อำเภอทุ่งศรีอุดม,ตำบลโคกชำแระ,5,นายสิโรตม์ แสนทวีสุข,ประชาชน,#f47933,139
อำเภอทุ่งศรีอุดม,ตำบลโคกชำแระ,6,นายยิ่ง ภูผา,ประชาธิปัตย์,#00a2e8,9
อำเภอน้ำขุ่น,ตำบลขี้เหล็ก,1,นายเกษม ฉิมพลี,ภูมิใจไทย,#212b6b,347
อำเภอน้ำขุ่น,ตำบลขี้เหล็ก,2,นายสมศักดิ์ บุญประชม,เพื่อไทรวมพลัง,#ff66cc,3130
อำเภอน้ำขุ่น,ตำบลขี้เหล็ก,3,นายวัชรพล เชื้อคง,เพื่อไทย,#e0002b,87
อำเภอน้ำขุ่น,ตำบลขี้เหล็ก,4,นางสาวมิลิณ กำเนิดสิงห์,พลังประชารัฐ,#1f56a3,34
อำเภอน้ำขุ่น,ตำบลขี้เหล็ก,5,นายสิโรตม์ แสนทวีสุข,ประชาชน,#f47933,123
อำเภอน้ำขุ่น,ตำบลขี้เหล็ก,6,นายยิ่ง ภูผา,ประชาธิปัตย์,#00a2e8,13
อำเภอน้ำขุ่น,ตำบลตาเกา,1,นายเกษม ฉิมพลี,ภูมิใจไทย,#212b6b,35
อำเภอน้ำขุ่น,ตำบลตาเกา,2,นายสมศักดิ์ บุญประชม,เพื่อไทรวมพลัง,#ff66cc,1739
อำเภอน้ำขุ่น,ตำบลตาเกา,3,นายวัชรพล เชื้อคง,เพื่อไทย,#e0002b,58
อำเภอน้ำขุ่น,ตำบลตาเกา,4,นางสาวมิลิณ กำเนิดสิงห์,พลังประชารัฐ,#1f56a3,6
อำเภอน้ำขุ่น,ตำบลตาเกา,5,นายสิโรตม์ แสนทวีสุข,ประชาชน,#f47933,44
อำเภอน้ำขุ่น,ตำบลตาเกา,6,นายยิ่ง ภูผา,ประชาธิปัตย์,#00a2e8,5
อำเภอน้ำขุ่น,ตำบลโคกสะอาด,1,นายเกษม ฉิมพลี,ภูมิใจไทย,#212b6b,38
อำเภอน้ำขุ่น,ตำบลโคกสะอาด,2,นายสมศักดิ์ บุญประชม,เพื่อไทรวมพลัง,#ff66cc,2676
อำเภอน้ำขุ่น,ตำบลโคกสะอาด,3,นายวัชรพล เชื้อคง,เพื่อไทย,#e0002b,85
อำเภอน้ำขุ่น,ตำบลโคกสะอาด,4,นางสาวมิลิณ กำเนิดสิงห์,พลังประชารัฐ,#1f56a3,42
อำเภอน้ำขุ่น,ตำบลโคกสะอาด,5,นายสิโรตม์ แสนทวีสุข,ประชาชน,#f47933,73
อำเภอน้ำขุ่น,ตำบลโคกสะอาด,6,นายยิ่ง ภูผา,ประชาธิปัตย์,#00a2e8,12
อำเภอน้ำขุ่น,ตำบลไพบูลย์,1,นายเกษม ฉิมพลี,ภูมิใจไทย,#212b6b,87
อำเภอน้ำขุ่น,ตำบลไพบูลย์,2,นายสมศักดิ์ บุญประชม,เพื่อไทรวมพลัง,#ff66cc,2626
อำเภอน้ำขุ่น,ตำบลไพบูลย์,3,นายวัชรพล เชื้อคง,เพื่อไทย,#e0002b,154
อำเภอน้ำขุ่น,ตำบลไพบูลย์,4,นางสาวมิลิณ กำเนิดสิงห์,พลังประชารัฐ,#1f56a3,41
อำเภอน้ำขุ่น,ตำบลไพบูลย์,5,นายสิโรตม์ แสนทวีสุข,ประชาชน,#f47933,94
อำเภอน้ำขุ่น,ตำบลไพบูลย์,6,นายยิ่ง ภูผา,ประชาธิปัตย์,#00a2e8,7
อำเภอน้ำยืน,ตำบลบุเปือย,1,นายเกษม ฉิมพลี,ภูมิใจไทย,#212b6b,53
อำเภอน้ำยืน,ตำบลบุเปือย,2,นายสมศักดิ์ บุญประชม,เพื่อไทรวมพลัง,#ff66cc,3371
อำเภอน้ำยืน,ตำบลบุเปือย,3,นายวัชรพล เชื้อคง,เพื่อไทย,#e0002b,103
อำเภอน้ำยืน,ตำบลบุเปือย,4,นางสาวมิลิณ กำเนิดสิงห์,พลังประชารัฐ,#1f56a3,40
อำเภอน้ำยืน,ตำบลบุเปือย,5,นายสิโรตม์ แสนทวีสุข,ประชาชน,#f47933,132
อำเภอน้ำยืน,ตำบลบุเปือย,6,นายยิ่ง ภูผา,ประชาธิปัตย์,#00a2e8,16
อำเภอน้ำยืน,ตำบลยาง,1,นายเกษม ฉิมพลี,ภูมิใจไทย,#212b6b,84
อำเภอน้ำยืน,ตำบลยาง,2,นายสมศักดิ์ บุญประชม,เพื่อไทรวมพลัง,#ff66cc,2795
อำเภอน้ำยืน,ตำบลยาง,3,นายวัชรพล เชื้อคง,เพื่อไทย,#e0002b,58
อำเภอน้ำยืน,ตำบลยาง,4,นางสาวมิลิณ กำเนิดสิงห์,พลังประชารัฐ,#1f56a3,32
อำเภอน้ำยืน,ตำบลยาง,5,นายสิโรตม์ แสนทวีสุข,ประชาชน,#f47933,124
อำเภอน้ำยืน,ตำบลยาง,6,นายยิ่ง ภูผา,ประชาธิปัตย์,#00a2e8,3
อำเภอน้ำยืน,ตำบลยางใหญ่,1,นายเกษม ฉิมพลี,ภูมิใจไทย,#212b6b,49
อำเภอน้ำยืน,ตำบลยางใหญ่,2,นายสมศักดิ์ บุญประชม,เพื่อไทรวมพลัง,#ff66cc,2281
อำเภอน้ำยืน,ตำบลยางใหญ่,3,นายวัชรพล เชื้อคง,เพื่อไทย,#e0002b,122
อำเภอน้ำยืน,ตำบลยางใหญ่,4,นางสาวมิลิณ กำเนิดสิงห์,พลังประชารัฐ,#1f56a3,13
อำเภอน้ำยืน,ตำบลยางใหญ่,5,นายสิโรตม์ แสนทวีสุข,ประชาชน,#f47933,96
อำเภอน้ำยืน,ตำบลยางใหญ่,6,นายยิ่ง ภูผา,ประชาธิปัตย์,#00a2e8,5
อำเภอน้ำยืน,ตำบลสีวิเชียร,1,นายเกษม ฉิมพลี,ภูมิใจไทย,#212b6b,46
อำเภอน้ำยืน,ตำบลสีวิเชียร,2,นายสมศักดิ์ บุญประชม,เพื่อไทรวมพลัง,#ff66cc,4204
อำเภอน้ำยืน,ตำบลสีวิเชียร,3,นายวัชรพล เชื้อคง,เพื่อไทย,#e0002b,152
อำเภอน้ำยืน,ตำบลสีวิเชียร,4,นางสาวมิลิณ กำเนิดสิงห์,พลังประชารัฐ,#1f56a3,20
อำเภอน้ำยืน,ตำบลสีวิเชียร,5,นายสิโรตม์ แสนทวีสุข,ประชาชน,#f47933,204
อำเภอน้ำยืน,ตำบลสีวิเชียร,6,นายยิ่ง ภูผา,ประชาธิปัตย์,#00a2e8,17
อำเภอน้ำยืน,ตำบลเก่าขาม,1,นายเกษม ฉิมพลี,ภูมิใจไทย,#212b6b,64
อำเภอน้ำยืน,ตำบลเก่าขาม,2,นายสมศักดิ์ บุญประชม,เพื่อไทรวมพลัง,#ff66cc,3077
อำเภอน้ำยืน,ตำบลเก่าขาม,3,นายวัชรพล เชื้อคง,เพื่อไทย,#e0002b,94
อำเภอน้ำยืน,ตำบลเก่าขาม,4,นางสาวมิลิณ กำเนิดสิงห์,พลังประชารัฐ,#1f56a3,25
อำเภอน้ำยืน,ตำบลเก่าขาม,5,นายสิโรตม์ แสนทวีสุข,ประชาชน,#f47933,93
อำเภอน้ำยืน,ตำบลเก่าขาม,6,นายยิ่ง ภูผา,ประชาธิปัตย์,#00a2e8,3
อำเภอน้ำยืน,ตำบลโซง,1,นายเกษม ฉิมพลี,ภูมิใจไทย,#212b6b,65
อำเภอน้ำยืน,ตำบลโซง,2,นายสมศักดิ์ บุญประชม,เพื่อไทรวมพลัง,#ff66cc,3522
อำเภอน้ำยืน,ตำบลโซง,3,นายวัชรพล เชื้อคง,เพื่อไทย,#e0002b,136
อำเภอน้ำยืน,ตำบลโซง,4,นางสาวมิลิณ กำเนิดสิงห์,พลังประชารัฐ,#1f56a3,38
อำเภอน้ำยืน,ตำบลโซง,5,นายสิโรตม์ แสนทวีสุข,ประชาชน,#f47933,112
อำเภอน้ำยืน,ตำบลโซง,6,นายยิ่ง ภูผา,ประชาธิปัตย์,#00a2e8,6
อำเภอน้ำยืน,ตำบลโดมประดิษฐ์,1,นายเกษม ฉิมพลี,ภูมิใจไทย,#212b6b,108
อำเภอน้ำยืน,ตำบลโดมประดิษฐ์,2,นายสมศักดิ์ บุญประชม,เพื่อไทรวมพลัง,#ff66cc,6654
อำเภอน้ำยืน,ตำบลโดมประดิษฐ์,3,นายวัชรพล เชื้อคง,เพื่อไทย,#e0002b,272
อำเภอน้ำยืน,ตำบลโดมประดิษฐ์,4,นางสาวมิลิณ กำเนิดสิงห์,พลังประชารัฐ,#1f56a3,60
อำเภอน้ำยืน,ตำบลโดมประดิษฐ์,5,นายสิโรตม์ แสนทวีสุข,ประชาชน,#f47933,136
อำเภอน้ำยืน,ตำบลโดมประดิษฐ์,6,นายยิ่ง ภูผา,ประชาธิปัตย์,#00a2e8,1
อำเภอสำโรง,ตำบลขามป้อม,1,นายเกษม ฉิมพลี,ภูมิใจไทย,#212b6b,53
อำเภอสำโรง,ตำบลขามป้อม,2,นายสมศักดิ์ บุญประชม,เพื่อไทรวมพลัง,#ff66cc,1037
อำเภอสำโรง,ตำบลขามป้อม,3,นายวัชรพล เชื้อคง,เพื่อไทย,#e0002b,88
อำเภอสำโรง,ตำบลขามป้อม,4,นางสาวมิลิณ กำเนิดสิงห์,พลังประชารัฐ,#1f56a3,23
อำเภอสำโรง,ตำบลขามป้อม,5,นายสิโรตม์ แสนทวีสุข,ประชาชน,#f47933,155
อำเภอสำโรง,ตำบลขามป้อม,6,นายยิ่ง ภูผา,ประชาธิปัตย์,#00a2e8,4
อำเภอสำโรง,ตำบลค้อน้อย,1,นายเกษม ฉิมพลี,ภูมิใจไทย,#212b6b,158
อำเภอสำโรง,ตำบลค้อน้อย,2,นายสมศักดิ์ บุญประชม,เพื่อไทรวมพลัง,#ff66cc,2500
อำเภอสำโรง,ตำบลค้อน้อย,3,นายวัชรพล เชื้อคง,เพื่อไทย,#e0002b,353
อำเภอสำโรง,ตำบลค้อน้อย,4,นางสาวมิลิณ กำเนิดสิงห์,พลังประชารัฐ,#1f56a3,32
อำเภอสำโรง,ตำบลค้อน้อย,5,นายสิโรตม์ แสนทวีสุข,ประชาชน,#f47933,233
อำเภอสำโรง,ตำบลค้อน้อย,6,นายยิ่ง ภูผา,ประชาธิปัตย์,#00a2e8,33
อำเภอสำโรง,ตำบลหนองไฮ,1,นายเกษม ฉิมพลี,ภูมิใจไทย,#212b6b,317
อำเภอสำโรง,ตำบลหนองไฮ,2,นายสมศักดิ์ บุญประชม,เพื่อไทรวมพลัง,#ff66cc,2009
อำเภอสำโรง,ตำบลหนองไฮ,3,นายวัชรพล เชื้อคง,เพื่อไทย,#e0002b,315
อำเภอสำโรง,ตำบลหนองไฮ,4,นางสาวมิลิณ กำเนิดสิงห์,พลังประชารัฐ,#1f56a3,58
อำเภอสำโรง,ตำบลหนองไฮ,5,นายสิโรตม์ แสนทวีสุข,ประชาชน,#f47933,145
อำเภอสำโรง,ตำบลหนองไฮ,6,นายยิ่ง ภูผา,ประชาธิปัตย์,#00a2e8,8
อำเภอสำโรง,ตำบลโคกสว่าง,1,นายเกษม ฉิมพลี,ภูมิใจไทย,#212b6b,138
อำเภอสำโรง,ตำบลโคกสว่าง,2,นายสมศักดิ์ บุญประชม,เพื่อไทรวมพลัง,#ff66cc,2245
อำเภอสำโรง,ตำบลโคกสว่าง,3,นายวัชรพล เชื้อคง,เพื่อไทย,#e0002b,420
อำเภอสำโรง,ตำบลโคกสว่าง,4,นางสาวมิลิณ กำเนิดสิงห์,พลังประชารัฐ,#1f56a3,43
อำเภอสำโรง,ตำบลโคกสว่าง,5,นายสิโรตม์ แสนทวีสุข,ประชาชน,#f47933,254
อำเภอสำโรง,ตำบลโคกสว่าง,6,นายยิ่ง ภูผา,ประชาธิปัตย์,#00a2e8,19
อำเภอสำโรง,ตำบลโนนกลาง,1,นายเกษม ฉิมพลี,ภูมิใจไทย,#212b6b,123
อำเภอสำโรง,ตำบลโนนกลาง,2,นายสมศักดิ์ บุญประชม,เพื่อไทรวมพลัง,#ff66cc,552
อำเภอสำโรง,ตำบลโนนกลาง,3,นายวัชรพล เชื้อคง,เพื่อไทย,#e0002b,660
อำเภอสำโรง,ตำบลโนนกลาง,4,นางสาวมิลิณ กำเนิดสิงห์,พลังประชารัฐ,#1f56a3,32
อำเภอสำโรง,ตำบลโนนกลาง,5,นายสิโรตม์ แสนทวีสุข,ประชาชน,#f47933,154
อำเภอสำโรง,ตำบลโนนกลาง,6,นายยิ่ง ภูผา,ประชาธิปัตย์,#00a2e8,7
อำเภอสำโรง,ตำบลโนนกาเล็น,1,นายเกษม ฉิมพลี,ภูมิใจไทย,#212b6b,226
อำเภอสำโรง,ตำบลโนนกาเล็น,2,นายสมศักดิ์ บุญประชม,เพื่อไทรวมพลัง,#ff66cc,1330
อำเภอสำโรง,ตำบลโนนกาเล็น,3,นายวัชรพล เชื้อคง,เพื่อไทย,#e0002b,995
อำเภอสำโรง,ตำบลโนนกาเล็น,4,นางสาวมิลิณ กำเนิดสิงห์,พลังประชารัฐ,#1f56a3,137
อำเภอสำโรง,ตำบลโนนกาเล็น,5,นายสิโรตม์ แสนทวีสุข,ประชาชน,#f47933,71
อำเภอสำโรง,ตำบลโนนกาเล็น,6,นายยิ่ง ภูผา,ประชาธิปัตย์,#00a2e8,18
