amphoe,tambon,station_name,station_type,total_votes
ล่วงหน้านอกเขต,ล่วงหน้านอกเขต,election_data\ล่วงหน้านอกเขตเลือกตั้งและนอกราชอาณาจักร\ส.ส.5-17 ชุดที่ 1,advance_out,478
ล่วงหน้านอกเขต,ล่วงหน้านอกเขต,election_data\ล่วงหน้านอกเขตเลือกตั้งและนอกราชอาณาจักร\ส.ส.5-17 ชุดที่ 2,advance_out,461
ล่วงหน้านอกเขต,ล่วงหน้านอกเขต,election_data\ล่วงหน้านอกเขตเลือกตั้งและนอกราชอาณาจักร\ส.ส.5-17 ชุดที่ 3,advance_out,502
ล่วงหน้านอกเขต,ล่วงหน้านอกเขต,election_data\ล่วงหน้านอกเขตเลือกตั้งและนอกราชอาณาจักร\ส.ส.5-17 ชุดที่ 4,advance_out,465
ล่วงหน้านอกเขต,ล่วงหน้านอกเขต,election_data\ล่วงหน้านอกเขตเลือกตั้งและนอกราชอาณาจักร\ส.ส.5-17 ชุดที่ 5,advance_out,459
ล่วงหน้านอกเขต,ล่วงหน้านอกเขต,election_data\ล่วงหน้านอกเขตเลือกตั้งและนอกราชอาณาจักร\ส.ส.5-17 ชุดที่ 8,advance_out,491
ล่วงหน้านอกเขต,ล่วงหน้านอกเขต,election_data\ล่วงหน้านอกเขตเลือกตั้งและนอกราชอาณาจักร\ส.ส.5-17 ชุดที่ 9,advance_out,323
ล่วงหน้านอกเขต,ล่วงหน้านอกเขต,election_data\ล่วงหน้านอกเขตเลือกตั้งและนอกราชอาณาจักร\ส.ส.5-17 ชุดที่6,advance_out,485
ล่วงหน้านอกเขต,ล่วงหน้านอกเขต,election_data\ล่วงหน้านอกเขตเลือกตั้งและนอกราชอาณาจักร\ส.ส.5-17 ชุดที่7,advance_out,460
ล่วงหน้านอกเขต,ล่วงหน้านอกเขต,election_data\อำเภอเดชอุดม (เฉพาะตำบลทุ่งเทิง)\หน่วยที่ 1,advance_out,361
ล่วงหน้านอกเขต,ล่วงหน้านอกเขต,election_data\อำเภอเดชอุดม (เฉพาะตำบลทุ่งเทิง)\หน่วยที่ 10,advance_out,233
ล่วงหน้านอกเขต,ล่วงหน้านอกเขต,election_data\อำเภอเดชอุดม (เฉพาะตำบลทุ่งเทิง)\หน่วยที่ 11,advance_out,325
ล่วงหน้านอกเขต,ล่วงหน้านอกเขต,election_data\อำเภอเดชอุดม (เฉพาะตำบลทุ่งเทิง)\หน่วยที่ 12,advance_out,222
ล่วงหน้านอกเขต,ล่วงหน้านอกเขต,election_data\อำเภอเดชอุดม (เฉพาะตำบลทุ่งเทิง)\หน่วยที่ 13,advance_out,122
ล่วงหน้านอกเขต,ล่วงหน้านอกเขต,election_data\อำเภอเดชอุดม (เฉพาะตำบลทุ่งเทิง)\หน่วยที่ 14,advance_out,140
ล่วงหน้านอกเขต,ล่วงหน้านอกเขต,election_data\อำเภอเดชอุดม (เฉพาะตำบลทุ่งเทิง)\หน่วยที่ 15,advance_out,250
ล่วงหน้านอกเขต,ล่วงหน้านอกเขต,election_data\อำเภอเดชอุดม (เฉพาะตำบลทุ่งเทิง)\หน่วยที่ 2,advance_out,459
ล่วงหน้านอกเขต,ล่วงหน้านอกเขต,election_data\อำเภอเดชอุดม (เฉพาะตำบลทุ่งเทิง)\หน่วยที่ 3,advance_out,352
ล่วงหน้านอกเขต,ล่วงหน้านอกเขต,election_data\อำเภอเดชอุดม (เฉพาะตำบลทุ่งเทิง)\หน่วยที่ 4,advance_out,151
ล่วงหน้านอกเขต,ล่วงหน้านอกเขต,election_data\อำเภอเดชอุดม (เฉพาะตำบลทุ่งเทิง)\หน่วยที่ 5,advance_out,247
ล่วงหน้านอกเขต,ล่วงหน้านอกเขต,election_data\อำเภอเดชอุดม (เฉพาะตำบลทุ่งเทิง)\หน่วยที่ 6,advance_out,169
ล่วงหน้านอกเขต,ล่วงหน้านอกเขต,election_data\อำเภอเดชอุดม (เฉพาะตำบลทุ่งเทิง)\หน่วยที่ 7,advance_out,69
ล่วงหน้านอกเขต,ล่วงหน้านอกเขต,election_data\อำเภอเดชอุดม (เฉพาะตำบลทุ่งเทิง)\หน่วยที่ 8,advance_out,152
ล่วงหน้านอกเขต,ล่วงหน้านอกเขต,election_data\อำเภอเดชอุดม (เฉพาะตำบลทุ่งเทิง)\หน่วยที่ 9,advance_out,250
อำเภอทุ่งศรีอุดม,ตำบลกุดเรือ,election_data\อำเภอทุ่งศรีอุดม\ตำบลกุดเรือ\หน่วยที่ 1,election_day,378
อำเภอทุ่งศรีอุดม,ตำบลกุดเรือ,election_data\อำเภอทุ่งศรีอุดม\ตำบลกุดเรือ\หน่วยที่ 10,election_day,387
อำเภอทุ่งศรีอุดม,ตำบลกุดเรือ,election_data\อำเภอทุ่งศรีอุดม\ตำบลกุดเรือ\หน่วยที่ 11,election_day,138
อำเภอทุ่งศรีอุดม,ตำบลกุดเรือ,election_data\อำเภอทุ่งศรีอุดม\ตำบลกุดเรือ\หน่วยที่ 2,election_day,419
อำเภอทุ่งศรีอุดม,ตำบลกุดเรือ,election_data\อำเภอทุ่งศรีอุดม\ตำบลกุดเรือ\หน่วยที่ 3,election_day,165
อำเภอทุ่งศรีอุดม,ตำบลกุดเรือ,election_data\อำเภอทุ่งศรีอุดม\ตำบลกุดเรือ\หน่วยที่ 4,election_day,215
อำเภอทุ่งศรีอุดม,ตำบลกุดเรือ,election_data\อำเภอทุ่งศรีอุดม\ตำบลกุดเรือ\หน่วยที่ 5,election_day,206
อำเภอทุ่งศรีอุดม,ตำบลกุดเรือ,election_data\อำเภอทุ่งศรีอุดม\ตำบลกุดเรือ\หน่วยที่ 6,election_day,260
อำเภอทุ่งศรีอุดม,ตำบลกุดเรือ,election_data\อำเภอทุ่งศรีอุดม\ตำบลกุดเรือ\หน่วยที่ 7,election_day,284
อำเภอทุ่งศรีอุดม,ตำบลกุดเรือ,election_data\อำเภอทุ่งศรีอุดม\ตำบลกุดเรือ\หน่วยที่ 8,election_day,272
อำเภอทุ่งศรีอุดม,ตำบลกุดเรือ,election_data\อำเภอทุ่งศรีอุดม\ตำบลกุดเรือ\หน่วยที่ 9,election_day,200
อำเภอทุ่งศรีอุดม,ตำบลนาห่อม,election_data\อำเภอทุ่งศรีอุดม\ตำบลนาห่อม\หน่วยที่ 1,election_day,169
อำเภอทุ่งศรีอุดม,ตำบลนาห่อม,election_data\อำเภอทุ่งศรีอุดม\ตำบลนาห่อม\หน่วยที่ 10,election_day,121
อำเภอทุ่งศรีอุดม,ตำบลนาห่อม,election_data\อำเภอทุ่งศรีอุดม\ตำบลนาห่อม\หน่วยที่ 11,election_day,283
อำเภอทุ่งศรีอุดม,ตำบลนาห่อม,election_data\อำเภอทุ่งศรีอุดม\ตำบลนาห่อม\หน่วยที่ 2,election_day,171
อำเภอทุ่งศรีอุดม,ตำบลนาห่อม,election_data\อำเภอทุ่งศรีอุดม\ตำบลนาห่อม\หน่วยที่ 3,election_day,240
อำเภอทุ่งศรีอุดม,ตำบลนาห่อม,election_data\อำเภอทุ่งศรีอุดม\ตำบลนาห่อม\หน่วยที่ 4,election_day,120
อำเภอทุ่งศรีอุดม,ตำบลนาห่อม,election_data\อำเภอทุ่งศรีอุดม\ตำบลนาห่อม\หน่วยที่ 5,election_day,175
อำเภอทุ่งศรีอุดม,ตำบลนาห่อม,election_data\อำเภอทุ่งศรีอุดม\ตำบลนาห่อม\หน่วยที่ 6,election_day,252
อำเภอทุ่งศรีอุดม,ตำบลนาห่อม,election_data\อำเภอทุ่งศรีอุดม\ตำบลนาห่อม\หน่วยที่ 7,election_day,196
อำเภอทุ่งศรีอุดม,ตำบลนาห่อม,election_data\อำเภอทุ่งศรีอุดม\ตำบลนาห่อม\หน่วยที่ 8,election_day,130
อำเภอทุ่งศรีอุดม,ตำบลนาห่อม,election_data\อำเภอทุ่งศรีอุดม\ตำบลนาห่อม\หน่วยที่ 9,election_day,119
อำเภอทุ่งศรีอุดม,ตำบลนาเกษม,election_data\อำเภอทุ่งศรีอุดม\ตำบลนาเกษม\หน่วยที่ 1,election_day,332
อำเภอทุ่งศรีอุดม,ตำบลนาเกษม,election_data\อำเภอทุ่งศรีอุดม\ตำบลนาเกษม\หน่วยที่ 10,election_day,50
อำเภอทุ่งศรีอุดม,ตำบลนาเกษม,election_data\อำเภอทุ่งศรีอุดม\ตำบลนาเกษม\หน่วยที่ 11,election_day,215
อำเภอทุ่งศรีอุดม,ตำบลนาเกษม,election_data\อำเภอทุ่งศรีอุดม\ตำบลนาเกษม\หน่วยที่ 2,election_day,198
อำเภอทุ่งศรีอุดม,ตำบลนาเกษม,election_data\อำเภอทุ่งศรีอุดม\ตำบลนาเกษม\หน่วยที่ 3,election_day,277
อำเภอทุ่งศรีอุดม,ตำบลนาเกษม,election_data\อำเภอทุ่งศรีอุดม\ตำบลนาเกษม\หน่วยที่ 4,election_day,418
อำเภอทุ่งศรีอุดม,ตำบลนาเกษม,election_data\อำเภอทุ่งศรีอุดม\ตำบลนาเกษม\หน่วยที่ 5,election_day,407
อำเภอทุ่งศรีอุดม,ตำบลนาเกษม,election_data\อำเภอทุ่งศรีอุดม\ตำบลนาเกษม\หน่วยที่ 6,election_day,108
อำเภอทุ่งศรีอุดม,ตำบลนาเกษม,election_data\อำเภอทุ่งศรีอุดม\ตำบลนาเกษม\หน่วยที่ 7,election_day,212
อำเภอทุ่งศรีอุดม,ตำบลนาเกษม,election_data\อำเภอทุ่งศรีอุดม\ตำบลนาเกษม\หน่วยที่ 8,election_day,88
อำเภอทุ่งศรีอุดม,ตำบลนาเกษม,election_data\อำเภอทุ่งศรีอุดม\ตำบลนาเกษม\หน่วยที่ 9,election_day,289
อำเภอทุ่งศรีอุดม,ตำบลหนองอ้ม,election_data\อำเภอทุ่งศรีอุดม\ตำบลหนองอ้ม\หน่วยที่ 1,election_day,334
อำเภอทุ่งศรีอุดม,ตำบลหนองอ้ม,election_data\อำเภอทุ่งศรีอุดม\ตำบลหนองอ้ม\หน่วยที่ 10,election_day,177
อำเภอทุ่งศรีอุดม,ตำบลหนองอ้ม,election_data\อำเภอทุ่งศรีอุดม\ตำบลหนองอ้ม\หน่วยที่ 2,election_day,348
อำเภอทุ่งศรีอุดม,ตำบลหนองอ้ม,election_data\อำเภอทุ่งศรีอุดม\ตำบลหนองอ้ม\หน่วยที่ 3,election_day,234
อำเภอทุ่งศรีอุดม,ตำบลหนองอ้ม,election_data\อำเภอทุ่งศรีอุดม\ตำบลหนองอ้ม\หน่วยที่ 4,election_day,389
อำเภอทุ่งศรีอุดม,ตำบลหนองอ้ม,election_data\อำเภอทุ่งศรีอุดม\ตำบลหนองอ้ม\หน่วยที่ 5,election_day,167
อำเภอทุ่งศรีอุดม,ตำบลหนองอ้ม,election_data\อำเภอทุ่งศรีอุดม\ตำบลหนองอ้ม\หน่วยที่ 6,election_day,253
อำเภอทุ่งศรีอุดม,ตำบลหนองอ้ม,election_data\อำเภอทุ่งศรีอุดม\ตำบลหนองอ้ม\หน่วยที่ 7,election_day,239
อำเภอทุ่งศรีอุดม,ตำบลหนองอ้ม,election_data\อำเภอทุ่งศรีอุดม\ตำบลหนองอ้ม\หน่วยที่ 8,election_day,119
อำเภอทุ่งศรีอุดม,ตำบลหนองอ้ม,election_data\อำเภอทุ่งศรีอุดม\ตำบลหนองอ้ม\หน่วยที่ 9,election_day,239
อำเภอทุ่งศรีอุดม,ตำบลโคกชำแระ,election_data\อำเภอทุ่งศรีอุดม\ตำบลโคกชำแระ\หน่วยที่ 1,election_day,275
อำเภอทุ่งศรีอุดม,ตำบลโคกชำแระ,election_data\อำเภอทุ่งศรีอุดม\ตำบลโคกชำแระ\หน่วยที่ 10,election_day,240
อำเภอทุ่งศรีอุดม,ตำบลโคกชำแระ,election_data\อำเภอทุ่งศรีอุดม\ตำบลโคกชำแระ\หน่วยที่ 11,election_day,247
อำเภอทุ่งศรีอุดม,ตำบลโคกชำแระ,election_data\อำเภอทุ่งศรีอุดม\ตำบลโคกชำแระ\หน่วยที่ 2,election_day,211
อำเภอทุ่งศรีอุดม,ตำบลโคกชำแระ,election_data\อำเภอทุ่งศรีอุดม\ตำบลโคกชำแระ\หน่วยที่ 3,election_day,344
อำเภอทุ่งศรีอุดม,ตำบลโคกชำแระ,election_data\อำเภอทุ่งศรีอุดม\ตำบลโคกชำแระ\หน่วยที่ 4,election_day,216
อำเภอทุ่งศรีอุดม,ตำบลโคกชำแระ,election_data\อำเภอทุ่งศรีอุดม\ตำบลโคกชำแระ\หน่วยที่ 5,election_day,173
อำเภอทุ่งศรีอุดม,ตำบลโคกชำแระ,election_data\อำเภอทุ่งศรีอุดม\ตำบลโคกชำแระ\หน่วยที่ 6,election_day,171
อำเภอทุ่งศรีอุดม,ตำบลโคกชำแระ,election_data\อำเภอทุ่งศรีอุดม\ตำบลโคกชำแระ\หน่วยที่ 7,election_day,368
อำเภอทุ่งศรีอุดม,ตำบลโคกชำแระ,election_data\อำเภอทุ่งศรีอุดม\ตำบลโคกชำแระ\หน่วยที่ 8,election_day,269
อำเภอทุ่งศรีอุดม,ตำบลโคกชำแระ,election_data\อำเภอทุ่งศรีอุดม\ตำบลโคกชำแระ\หน่วยที่ 9,election_day,172
อำเภอน้ำขุ่น,ตำบลขี้เหล็ก,election_data\อำเภอน้ำขุ่น\ตำบลขี้เหล็ก\หน่วยที่ 1,election_day,278
อำเภอน้ำขุ่น,ตำบลขี้เหล็ก,election_data\อำเภอน้ำขุ่น\ตำบลขี้เหล็ก\หน่วยที่ 10,election_day,323
อำเภอน้ำขุ่น,ตำบลขี้เหล็ก,election_data\อำเภอน้ำขุ่น\ตำบลขี้เหล็ก\หน่วยที่ 11,election_day,248
อำเภอน้ำขุ่น,ตำบลขี้เหล็ก,election_data\อำเภอน้ำขุ่น\ตำบลขี้เหล็ก\หน่วยที่ 12,election_day,153
อำเภอน้ำขุ่น,ตำบลขี้เหล็ก,election_data\อำเภอน้ำขุ่น\ตำบลขี้เหล็ก\หน่วยที่ 13,election_day,496
อำเภอน้ำขุ่น,ตำบลขี้เหล็ก,election_data\อำเภอน้ำขุ่น\ตำบลขี้เหล็ก\หน่วยที่ 2\สส.5-18,election_day,0
อำเภอน้ำขุ่น,ตำบลขี้เหล็ก,election_data\อำเภอน้ำขุ่น\ตำบลขี้เหล็ก\หน่วยที่ 3,election_day,399
อำเภอน้ำขุ่น,ตำบลขี้เหล็ก,election_data\อำเภอน้ำขุ่น\ตำบลขี้เหล็ก\หน่วยที่ 4,election_day,359
อำเภอน้ำขุ่น,ตำบลขี้เหล็ก,election_data\อำเภอน้ำขุ่น\ตำบลขี้เหล็ก\หน่วยที่ 5,election_day,330
อำเภอน้ำขุ่น,ตำบลขี้เหล็ก,election_data\อำเภอน้ำขุ่น\ตำบลขี้เหล็ก\หน่วยที่ 6,election_day,265
อำเภอน้ำขุ่น,ตำบลขี้เหล็ก,election_data\อำเภอน้ำขุ่น\ตำบลขี้เหล็ก\หน่วยที่ 7,election_day,565
อำเภอน้ำขุ่น,ตำบลขี้เหล็ก,election_data\อำเภอน้ำขุ่น\ตำบลขี้เหล็ก\หน่วยที่ 8,election_day,142
อำเภอน้ำขุ่น,ตำบลขี้เหล็ก,election_data\อำเภอน้ำขุ่น\ตำบลขี้เหล็ก\หน่วยที่ 9,election_day,176
อำเภอน้ำขุ่น,ตำบลตาเกา,election_data\อำเภอน้ำขุ่น\ตำบลตาเกา\หน่วยที่ 10,election_day,451
อำเภอน้ำขุ่น,ตำบลตาเกา,election_data\อำเภอน้ำขุ่น\ตำบลตาเกา\หน่วยที่ 11,election_day,96
อำเภอน้ำขุ่น,ตำบลตาเกา,election_data\อำเภอน้ำขุ่น\ตำบลตาเกา\หน่วยที่ 12,election_day,375
อำเภอน้ำขุ่น,ตำบลตาเกา,election_data\อำเภอน้ำขุ่น\ตำบลตาเกา\หน่วยที่ 13,election_day,219
อำเภอน้ำขุ่น,ตำบลตาเกา,election_data\อำเภอน้ำขุ่น\ตำบลตาเกา\หน่วยที่ 14,election_day,274
อำเภอน้ำขุ่น,ตำบลตาเกา,election_data\อำเภอน้ำขุ่น\ตำบลตาเกา\หน่วยที่ 15,election_day,202
อำเภอน้ำขุ่น,ตำบลตาเกา,election_data\อำเภอน้ำขุ่น\ตำบลตาเกา\หน่วยที่ 1\ส.ส.5-18,election_day,270
อำเภอน้ำขุ่น,ตำบลโคกสะอาด,election_data\อำเภอน้ำขุ่น\ตำบลโคกสะอาด\หน่วยที่ 1,election_day,210
อำเภอน้ำขุ่น,ตำบลโคกสะอาด,election_data\อำเภอน้ำขุ่น\ตำบลโคกสะอาด\หน่วยที่ 10,election_day,277
อำเภอน้ำขุ่น,ตำบลโคกสะอาด,election_data\อำเภอน้ำขุ่น\ตำบลโคกสะอาด\หน่วยที่ 11,election_day,177
อำเภอน้ำขุ่น,ตำบลโคกสะอาด,election_data\อำเภอน้ำขุ่น\ตำบลโคกสะอาด\หน่วยที่ 12,election_day,127
อำเภอน้ำขุ่น,ตำบลโคกสะอาด,election_data\อำเภอน้ำขุ่น\ตำบลโคกสะอาด\หน่วยที่ 2,election_day,99
อำเภอน้ำขุ่น,ตำบลโคกสะอาด,election_data\อำเภอน้ำขุ่น\ตำบลโคกสะอาด\หน่วยที่ 3,election_day,249
อำเภอน้ำขุ่น,ตำบลโคกสะอาด,election_data\อำเภอน้ำขุ่น\ตำบลโคกสะอาด\หน่วยที่ 4,election_day,356
อำเภอน้ำขุ่น,ตำบลโคกสะอาด,election_data\อำเภอน้ำขุ่น\ตำบลโคกสะอาด\หน่วยที่ 5,election_day,95
อำเภอน้ำขุ่น,ตำบลโคกสะอาด,election_data\อำเภอน้ำขุ่น\ตำบลโคกสะอาด\หน่วยที่ 6,election_day,474
อำเภอน้ำขุ่น,ตำบลโคกสะอาด,election_data\อำเภอน้ำขุ่น\ตำบลโคกสะอาด\หน่วยที่ 7,election_day,339
อำเภอน้ำขุ่น,ตำบลโคกสะอาด,election_data\อำเภอน้ำขุ่น\ตำบลโคกสะอาด\หน่วยที่ 8,election_day,357
อำเภอน้ำขุ่น,ตำบลโคกสะอาด,election_data\อำเภอน้ำขุ่น\ตำบลโคกสะอาด\หน่วยที่ 9,election_day,166
อำเภอน้ำขุ่น,ตำบลไพบูลย์,election_data\อำเภอน้ำขุ่น\ตำบลไพบูลย์\หน่วยที่ 1,election_day,357
อำเภอน้ำขุ่น,ตำบลไพบูลย์,election_data\อำเภอน้ำขุ่น\ตำบลไพบูลย์\หน่วยที่ 10,election_day,201
อำเภอน้ำขุ่น,ตำบลไพบูลย์,election_data\อำเภอน้ำขุ่น\ตำบลไพบูลย์\หน่วยที่ 11,election_day,159
อำเภอน้ำขุ่น,ตำบลไพบูลย์,election_data\อำเภอน้ำขุ่น\ตำบลไพบูลย์\หน่วยที่ 12,election_day,132
อำเภอน้ำขุ่น,ตำบลไพบูลย์,election_data\อำเภอน้ำขุ่น\ตำบลไพบูลย์\หน่วยที่ 13,election_day,172
อำเภอน้ำขุ่น,ตำบลไพบูลย์,election_data\อำเภอน้ำขุ่น\ตำบลไพบูลย์\หน่วยที่ 14,election_day,305
อำเภอน้ำขุ่น,ตำบลไพบูลย์,election_data\อำเภอน้ำขุ่น\ตำบลไพบูลย์\หน่วยที่ 15,election_day,272
อำเภอน้ำขุ่น,ตำบลไพบูลย์,election_data\อำเภอน้ำขุ่น\ตำบลไพบูลย์\หน่วยที่ 2,election_day,123
อำเภอน้ำขุ่น,ตำบลไพบูลย์,election_data\อำเภอน้ำขุ่น\ตำบลไพบูลย์\หน่วยที่ 3,election_day,124
อำเภอน้ำขุ่น,ตำบลไพบูลย์,election_data\อำเภอน้ำขุ่น\ตำบลไพบูลย์\หน่วยที่ 4,election_day,191
อำเภอน้ำขุ่น,ตำบลไพบูลย์,election_data\อำเภอน้ำขุ่น\ตำบลไพบูลย์\หน่วยที่ 5,election_day,211
อำเภอน้ำขุ่น,ตำบลไพบูลย์,election_data\อำเภอน้ำขุ่น\ตำบลไพบูลย์\หน่วยที่ 6,election_day,238
อำเภอน้ำขุ่น,ตำบลไพบูลย์,election_data\อำเภอน้ำขุ่น\ตำบลไพบูลย์\หน่วยที่ 7,election_day,203
อำเภอน้ำขุ่น,ตำบลไพบูลย์,election_data\อำเภอน้ำขุ่น\ตำบลไพบูลย์\หน่วยที่ 8,election_day,212
อำเภอน้ำขุ่น,ตำบลไพบูลย์,election_data\อำเภอน้ำขุ่น\ตำบลไพบูลย์\หน่วยที่ 9,election_day,109
อำเภอน้ำยืน,ตำบลบุเปือย,election_data\อำเภอน้ำยืน\ตำบลบุเปือย\หน่วยที่ 1,election_day,324
อำเภอน้ำยืน,ตำบลบุเปือย,election_data\อำเภอน้ำยืน\ตำบลบุเปือย\หน่วยที่ 13,election_day,387
อำเภอน้ำยืน,ตำบลบุเปือย,election_data\อำเภอน้ำยืน\ตำบลบุเปือย\หน่วยที่ 14,election_day,245
อำเภอน้ำยืน,ตำบลบุเปือย,election_data\อำเภอน้ำยืน\ตำบลบุเปือย\หน่วยที่ 15,election_day,276
อำเภอน้ำยืน,ตำบลบุเปือย,election_data\อำเภอน้ำยืน\ตำบลบุเปือย\หน่วยที่ 16,election_day,216
อำเภอน้ำยืน,ตำบลบุเปือย,election_data\อำเภอน้ำยืน\ตำบลบุเปือย\หน่วยที่ 2,election_day,375
อำเภอน้ำยืน,ตำบลบุเปือย,election_data\อำเภอน้ำยืน\ตำบลบุเปือย\หน่วยที่ 3,election_day,202
อำเภอน้ำยืน,ตำบลบุเปือย,election_data\อำเภอน้ำยืน\ตำบลบุเปือย\หน่วยที่ 4,election_day,217
อำเภอน้ำยืน,ตำบลบุเปือย,election_data\อำเภอน้ำยืน\ตำบลบุเปือย\หน่วยที่ 6,election_day,300
อำเภอน้ำยืน,ตำบลบุเปือย,election_data\อำเภอน้ำยืน\ตำบลบุเปือย\หน่วยที่ 7,election_day,301
อำเภอน้ำยืน,ตำบลบุเปือย,election_data\อำเภอน้ำยืน\ตำบลบุเปือย\หน่วยที่ 8,election_day,440
อำเภอน้ำยืน,ตำบลบุเปือย,election_data\อำเภอน้ำยืน\ตำบลบุเปือย\หน่วยที่ 9,election_day,432
อำเภอน้ำยืน,ตำบลยาง,election_data\อำเภอน้ำยืน\ตำบลยาง\หน่วยที่ 1,election_day,377
อำเภอน้ำยืน,ตำบลยาง,election_data\อำเภอน้ำยืน\ตำบลยาง\หน่วยที่ 10,election_day,222
อำเภอน้ำยืน,ตำบลยาง,election_data\อำเภอน้ำยืน\ตำบลยาง\หน่วยที่ 11,election_day,0
อำเภอน้ำยืน,ตำบลยาง,election_data\อำเภอน้ำยืน\ตำบลยาง\หน่วยที่ 12,election_day,219
อำเภอน้ำยืน,ตำบลยาง,election_data\อำเภอน้ำยืน\ตำบลยาง\หน่วยที่ 13,election_day,269
อำเภอน้ำยืน,ตำบลยาง,election_data\อำเภอน้ำยืน\ตำบลยาง\หน่วยที่ 2,election_day,275
อำเภอน้ำยืน,ตำบลยาง,election_data\อำเภอน้ำยืน\ตำบลยาง\หน่วยที่ 3,election_day,184
อำเภอน้ำยืน,ตำบลยาง,election_data\อำเภอน้ำยืน\ตำบลยาง\หน่วยที่ 4,election_day,346
อำเภอน้ำยืน,ตำบลยาง,election_data\อำเภอน้ำยืน\ตำบลยาง\หน่วยที่ 5,election_day,185
อำเภอน้ำยืน,ตำบลยาง,election_data\อำเภอน้ำยืน\ตำบลยาง\หน่วยที่ 6,election_day,231
อำเภอน้ำยืน,ตำบลยาง,election_data\อำเภอน้ำยืน\ตำบลยาง\หน่วยที่ 7,election_day,238
อำเภอน้ำยืน,ตำบลยาง,election_data\อำเภอน้ำยืน\ตำบลยาง\หน่วยที่ 8,election_day,334
อำเภอน้ำยืน,ตำบลยาง,election_data\อำเภอน้ำยืน\ตำบลยาง\หน่วยที่ 9,election_day,216
อำเภอน้ำยืน,ตำบลยางใหญ่,election_data\อำเภอน้ำยืน\ตำบลยางใหญ่\หน่วยที่ 1,election_day,413
อำเภอน้ำยืน,ตำบลยางใหญ่,election_data\อำเภอน้ำยืน\ตำบลยางใหญ่\หน่วยที่ 10,election_day,182
อำเภอน้ำยืน,ตำบลยางใหญ่,election_data\อำเภอน้ำยืน\ตำบลยางใหญ่\หน่วยที่ 11,election_day,233
อำเภอน้ำยืน,ตำบลยางใหญ่,election_data\อำเภอน้ำยืน\ตำบลยางใหญ่\หน่วยที่ 12,election_day,191
อำเภอน้ำยืน,ตำบลยางใหญ่,election_data\อำเภอน้ำยืน\ตำบลยางใหญ่\หน่วยที่ 2,election_day,185
อำเภอน้ำยืน,ตำบลยางใหญ่,election_data\อำเภอน้ำยืน\ตำบลยางใหญ่\หน่วยที่ 3,election_day,266
อำเภอน้ำยืน,ตำบลยางใหญ่,election_data\อำเภอน้ำยืน\ตำบลยางใหญ่\หน่วยที่ 4,election_day,191
อำเภอน้ำยืน,ตำบลยางใหญ่,election_data\อำเภอน้ำยืน\ตำบลยางใหญ่\หน่วยที่ 5,election_day,274
อำเภอน้ำยืน,ตำบลยางใหญ่,election_data\อำเภอน้ำยืน\ตำบลยางใหญ่\หน่วยที่ 6,election_day,169
อำเภอน้ำยืน,ตำบลยางใหญ่,election_data\อำเภอน้ำยืน\ตำบลยางใหญ่\หน่วยที่ 7,election_day,159
อำเภอน้ำยืน,ตำบลยางใหญ่,election_data\อำเภอน้ำยืน\ตำบลยางใหญ่\หน่วยที่ 8,election_day,111
อำเภอน้ำยืน,ตำบลยางใหญ่,election_data\อำเภอน้ำยืน\ตำบลยางใหญ่\หน่วยที่ 9,election_day,192
อำเภอน้ำยืน,ตำบลสีวิเชียร,election_data\อำเภอน้ำยืน\ตำบลสีวิเชียร\หน่วยที่ 1,election_day,311
อำเภอน้ำยืน,ตำบลสีวิเชียร,election_data\อำเภอน้ำยืน\ตำบลสีวิเชียร\หน่วยที่ 10,election_day,311
อำเภอน้ำยืน,ตำบลสีวิเชียร,election_data\อำเภอน้ำยืน\ตำบลสีวิเชียร\หน่วยที่ 11,election_day,192
อำเภอน้ำยืน,ตำบลสีวิเชียร,election_data\อำเภอน้ำยืน\ตำบลสีวิเชียร\หน่วยที่ 12,election_day,159
อำเภอน้ำยืน,ตำบลสีวิเชียร,election_data\อำเภอน้ำยืน\ตำบลสีวิเชียร\หน่วยที่ 13,election_day,302
อำเภอน้ำยืน,ตำบลสีวิเชียร,election_data\อำเภอน้ำยืน\ตำบลสีวิเชียร\หน่วยที่ 14,election_day,157
อำเภอน้ำยืน,ตำบลสีวิเชียร,election_data\อำเภอน้ำยืน\ตำบลสีวิเชียร\หน่วยที่ 15,election_day,364
อำเภอน้ำยืน,ตำบลสีวิเชียร,election_data\อำเภอน้ำยืน\ตำบลสีวิเชียร\หน่วยที่ 2,election_day,453
อำเภอน้ำยืน,ตำบลสีวิเชียร,election_data\อำเภอน้ำยืน\ตำบลสีวิเชียร\หน่วยที่ 3,election_day,276
อำเภอน้ำยืน,ตำบลสีวิเชียร,election_data\อำเภอน้ำยืน\ตำบลสีวิเชียร\หน่วยที่ 4,election_day,472
อำเภอน้ำยืน,ตำบลสีวิเชียร,election_data\อำเภอน้ำยืน\ตำบลสีวิเชียร\หน่วยที่ 5,election_day,342
อำเภอน้ำยืน,ตำบลสีวิเชียร,election_data\อำเภอน้ำยืน\ตำบลสีวิเชียร\หน่วยที่ 6,election_day,366
อำเภอน้ำยืน,ตำบลสีวิเชียร,election_data\อำเภอน้ำยืน\ตำบลสีวิเชียร\หน่วยที่ 7,election_day,366
อำเภอน้ำยืน,ตำบลสีวิเชียร,election_data\อำเภอน้ำยืน\ตำบลสีวิเชียร\หน่วยที่ 8,election_day,280
อำเภอน้ำยืน,ตำบลสีวิเชียร,election_data\อำเภอน้ำยืน\ตำบลสีวิเชียร\หน่วยที่ 9,election_day,292
อำเภอน้ำยืน,ตำบลเก่าขาม,election_data\อำเภอน้ำยืน\ตำบลเก่าขาม\หน่วยที่ 1,election_day,236
อำเภอน้ำยืน,ตำบลเก่าขาม,election_data\อำเภอน้ำยืน\ตำบลเก่าขาม\หน่วยที่ 10,election_day,199
อำเภอน้ำยืน,ตำบลเก่าขาม,election_data\อำเภอน้ำยืน\ตำบลเก่าขาม\หน่วยที่ 11,election_day,143
อำเภอน้ำยืน,ตำบลเก่าขาม,election_data\อำเภอน้ำยืน\ตำบลเก่าขาม\หน่วยที่ 12,election_day,157
อำเภอน้ำยืน,ตำบลเก่าขาม,election_data\อำเภอน้ำยืน\ตำบลเก่าขาม\หน่วยที่ 13,election_day,139
อำเภอน้ำยืน,ตำบลเก่าขาม,election_data\อำเภอน้ำยืน\ตำบลเก่าขาม\หน่วยที่ 14,election_day,156
อำเภอน้ำยืน,ตำบลเก่าขาม,election_data\อำเภอน้ำยืน\ตำบลเก่าขาม\หน่วยที่ 2,election_day,429
อำเภอน้ำยืน,ตำบลเก่าขาม,election_data\อำเภอน้ำยืน\ตำบลเก่าขาม\หน่วยที่ 3,election_day,203
อำเภอน้ำยืน,ตำบลเก่าขาม,election_data\อำเภอน้ำยืน\ตำบลเก่าขาม\หน่วยที่ 4,election_day,335
อำเภอน้ำยืน,ตำบลเก่าขาม,election_data\อำเภอน้ำยืน\ตำบลเก่าขาม\หน่วยที่ 5,election_day,203
อำเภอน้ำยืน,ตำบลเก่าขาม,election_data\อำเภอน้ำยืน\ตำบลเก่าขาม\หน่วยที่ 6,election_day,286
อำเภอน้ำยืน,ตำบลเก่าขาม,election_data\อำเภอน้ำยืน\ตำบลเก่าขาม\หน่วยที่ 7,election_day,325
อำเภอน้ำยืน,ตำบลเก่าขาม,election_data\อำเภอน้ำยืน\ตำบลเก่าขาม\หน่วยที่ 8,election_day,397
อำเภอน้ำยืน,ตำบลเก่าขาม,election_data\อำเภอน้ำยืน\ตำบลเก่าขาม\หน่วยที่ 9,election_day,148
อำเภอน้ำยืน,ตำบลโซง,election_data\อำเภอน้ำยืน\ตำบลโซง\หน่วยที่ 1,election_day,461
อำเภอน้ำยืน,ตำบลโซง,election_data\อำเภอน้ำยืน\ตำบลโซง\หน่วยที่ 10,election_day,135
อำเภอน้ำยืน,ตำบลโซง,election_data\อำเภอน้ำยืน\ตำบลโซง\หน่วยที่ 11,election_day,428
อำเภอน้ำยืน,ตำบลโซง,election_data\อำเภอน้ำยืน\ตำบลโซง\หน่วยที่ 12,election_day,293
อำเภอน้ำยืน,ตำบลโซง,election_data\อำเภอน้ำยืน\ตำบลโซง\หน่วยที่ 13,election_day,283
อำเภอน้ำยืน,ตำบลโซง,election_data\อำเภอน้ำยืน\ตำบลโซง\หน่วยที่ 2,election_day,364
อำเภอน้ำยืน,ตำบลโซง,election_data\อำเภอน้ำยืน\ตำบลโซง\หน่วยที่ 3,election_day,307
อำเภอน้ำยืน,ตำบลโซง,election_data\อำเภอน้ำยืน\ตำบลโซง\หน่วยที่ 4,election_day,285
อำเภอน้ำยืน,ตำบลโซง,election_data\อำเภอน้ำยืน\ตำบลโซง\หน่วยที่ 5,election_day,400
อำเภอน้ำยืน,ตำบลโซง,election_data\อำเภอน้ำยืน\ตำบลโซง\หน่วยที่ 6,election_day,212
อำเภอน้ำยืน,ตำบลโซง,election_data\อำเภอน้ำยืน\ตำบลโซง\หน่วยที่ 7,election_day,307
อำเภอน้ำยืน,ตำบลโซง,election_data\อำเภอน้ำยืน\ตำบลโซง\หน่วยที่ 8,election_day,169
อำเภอน้ำยืน,ตำบลโซง,election_data\อำเภอน้ำยืน\ตำบลโซง\หน่วยที่ 9,election_day,235
อำเภอน้ำยืน,ตำบลโดมประดิษฐ์,election_data\อำเภอน้ำยืน\ตำบลโดมประดิษฐ์\หน่วยที่ 1,election_day,312
อำเภอน้ำยืน,ตำบลโดมประดิษฐ์,election_data\อำเภอน้ำยืน\ตำบลโดมประดิษฐ์\หน่วยที่ 10,election_day,261
อำเภอน้ำยืน,ตำบลโดมประดิษฐ์,election_data\อำเภอน้ำยืน\ตำบลโดมประดิษฐ์\หน่วยที่ 11,election_day,224
อำเภอน้ำยืน,ตำบลโดมประดิษฐ์,election_data\อำเภอน้ำยืน\ตำบลโดมประดิษฐ์\หน่วยที่ 12,election_day,265
อำเภอน้ำยืน,ตำบลโดมประดิษฐ์,election_data\อำเภอน้ำยืน\ตำบลโดมประดิษฐ์\หน่วยที่ 13,election_day,318
อำเภอน้ำยืน,ตำบลโดมประดิษฐ์,election_data\อำเภอน้ำยืน\ตำบลโดมประดิษฐ์\หน่วยที่ 14,election_day,455
อำเภอน้ำยืน,ตำบลโดมประดิษฐ์,election_data\อำเภอน้ำยืน\ตำบลโดมประดิษฐ์\หน่วยที่ 15,election_day,204
อำเภอน้ำยืน,ตำบลโดมประดิษฐ์,election_data\อำเภอน้ำยืน\ตำบลโดมประดิษฐ์\หน่วยที่ 16,election_day,248
อำเภอน้ำยืน,ตำบลโดมประดิษฐ์,election_data\อำเภอน้ำยืน\ตำบลโดมประดิษฐ์\หน่วยที่ 17,election_day,280
อำเภอน้ำยืน,ตำบลโดมประดิษฐ์,election_data\อำเภอน้ำยืน\ตำบลโดมประดิษฐ์\หน่วยที่ 18,election_day,220
อำเภอน้ำยืน,ตำบลโดมประดิษฐ์,election_data\อำเภอน้ำยืน\ตำบลโดมประดิษฐ์\หน่วยที่ 19,election_day,198
อำเภอน้ำยืน,ตำบลโดมประดิษฐ์,election_data\อำเภอน้ำยืน\ตำบลโดมประดิษฐ์\หน่วยที่ 2,election_day,293
อำเภอน้ำยืน,ตำบลโดมประดิษฐ์,election_data\อำเภอน้ำยืน\ตำบลโดมประดิษฐ์\หน่วยที่ 20,election_day,319
อำเภอน้ำยืน,ตำบลโดมประดิษฐ์,election_data\อำเภอน้ำยืน\ตำบลโดมประดิษฐ์\หน่วยที่ 21,election_day,324
อำเภอน้ำยืน,ตำบลโดมประดิษฐ์,election_data\อำเภอน้ำยืน\ตำบลโดมประดิษฐ์\หน่วยที่ 22,election_day,309
อำเภอน้ำยืน,ตำบลโดมประดิษฐ์,election_data\อำเภอน้ำยืน\ตำบลโดมประดิษฐ์\หน่วยที่ 23,election_day,290
อำเภอน้ำยืน,ตำบลโดมประดิษฐ์,election_data\อำเภอน้ำยืน\ตำบลโดมประดิษฐ์\หน่วยที่ 24,election_day,298
อำเภอน้ำยืน,ตำบลโดมประดิษฐ์,election_data\อำเภอน้ำยืน\ตำบลโดมประดิษฐ์\หน่วยที่ 25,election_day,335
อำเภอน้ำยืน,ตำบลโดมประดิษฐ์,election_data\อำเภอน้ำยืน\ตำบลโดมประดิษฐ์\หน่วยที่ 3,election_day,409
อำเภอน้ำยืน,ตำบลโดมประดิษฐ์,election_data\อำเภอน้ำยืน\ตำบลโดมประดิษฐ์\หน่วยที่ 4,election_day,211
อำเภอน้ำยืน,ตำบลโดมประดิษฐ์,election_data\อำเภอน้ำยืน\ตำบลโดมประดิษฐ์\หน่วยที่ 5,election_day,274
อำเภอน้ำยืน,ตำบลโดมประดิษฐ์,election_data\อำเภอน้ำยืน\ตำบลโดมประดิษฐ์\หน่วยที่ 6,election_day,291
อำเภอน้ำยืน,ตำบลโดมประดิษฐ์,election_data\อำเภอน้ำยืน\ตำบลโดมประดิษฐ์\หน่วยที่ 7,election_day,294
อำเภอน้ำยืน,ตำบลโดมประดิษฐ์,election_data\อำเภอน้ำยืน\ตำบลโดมประดิษฐ์\หน่วยที่ 8,election_day,363
อำเภอน้ำยืน,ตำบลโดมประดิษฐ์,election_data\อำเภอน้ำยืน\ตำบลโดมประดิษฐ์\หน่วยที่ 9,election_day,236
อำเภอสำโรง,ตำบลขามป้อม,election_data\อำเภอสำโรง\ตำบลขามป้อม\หน่วยที่ 1,election_day,78
อำเภอสำโรง,ตำบลขามป้อม,election_data\อำเภอสำโรง\ตำบลขามป้อม\หน่วยที่ 2,election_day,227
อำเภอสำโรง,ตำบลขามป้อม,election_data\อำเภอสำโรง\ตำบลขามป้อม\หน่วยที่ 3,election_day,217
อำเภอสำโรง,ตำบลขามป้อม,election_data\อำเภอสำโรง\ตำบลขามป้อม\หน่วยที่ 4,election_day,115
อำเภอสำโรง,ตำบลขามป้อม,election_data\อำเภอสำโรง\ตำบลขามป้อม\หน่วยที่ 5,election_day,154
อำเภอสำโรง,ตำบลขามป้อม,election_data\อำเภอสำโรง\ตำบลขามป้อม\หน่วยที่ 6,election_day,128
อำเภอสำโรง,ตำบลขามป้อม,election_data\อำเภอสำโรง\ตำบลขามป้อม\หน่วยที่ 7,election_day,180
อำเภอสำโรง,ตำบลขามป้อม,election_data\อำเภอสำโรง\ตำบลขามป้อม\หน่วยที่ 8,election_day,124
อำเภอสำโรง,ตำบลขามป้อม,election_data\อำเภอสำโรง\ตำบลขามป้อม\หน่วยที่ 9,election_day,137
อำเภอสำโรง,ตำบลค้อน้อย,election_data\อำเภอสำโรง\ตำบลค้อน้อย\หน่วยที่ 1,election_day,207
อำเภอสำโรง,ตำบลค้อน้อย,election_data\อำเภอสำโรง\ตำบลค้อน้อย\หน่วยที่ 10,election_day,268
อำเภอสำโรง,ตำบลค้อน้อย,election_data\อำเภอสำโรง\ตำบลค้อน้อย\หน่วยที่ 11,election_day,181
อำเภอสำโรง,ตำบลค้อน้อย,election_data\อำเภอสำโรง\ตำบลค้อน้อย\หน่วยที่ 12,election_day,177
อำเภอสำโรง,ตำบลค้อน้อย,election_data\อำเภอสำโรง\ตำบลค้อน้อย\หน่วยที่ 13,election_day,235
อำเภอสำโรง,ตำบลค้อน้อย,election_data\อำเภอสำโรง\ตำบลค้อน้อย\หน่วยที่ 14,election_day,134
อำเภอสำโรง,ตำบลค้อน้อย,election_data\อำเภอสำโรง\ตำบลค้อน้อย\หน่วยที่ 15,election_day,187
อำเภอสำโรง,ตำบลค้อน้อย,election_data\อำเภอสำโรง\ตำบลค้อน้อย\หน่วยที่ 16,election_day,170
อำเภอสำโรง,ตำบลค้อน้อย,election_data\อำเภอสำโรง\ตำบลค้อน้อย\หน่วยที่ 17,election_day,152
อำเภอสำโรง,ตำบลค้อน้อย,election_data\อำเภอสำโรง\ตำบลค้อน้อย\หน่วยที่ 2,election_day,190
อำเภอสำโรง,ตำบลค้อน้อย,election_data\อำเภอสำโรง\ตำบลค้อน้อย\หน่วยที่ 3,election_day,200
อำเภอสำโรง,ตำบลค้อน้อย,election_data\อำเภอสำโรง\ตำบลค้อน้อย\หน่วยที่ 4,election_day,126
อำเภอสำโรง,ตำบลค้อน้อย,election_data\อำเภอสำโรง\ตำบลค้อน้อย\หน่วยที่ 5,election_day,200
อำเภอสำโรง,ตำบลค้อน้อย,election_data\อำเภอสำโรง\ตำบลค้อน้อย\หน่วยที่ 6,election_day,207
อำเภอสำโรง,ตำบลค้อน้อย,election_data\อำเภอสำโรง\ตำบลค้อน้อย\หน่วยที่ 7,election_day,283
อำเภอสำโรง,ตำบลค้อน้อย,election_data\อำเภอสำโรง\ตำบลค้อน้อย\หน่วยที่ 8,election_day,246
อำเภอสำโรง,ตำบลค้อน้อย,election_data\อำเภอสำโรง\ตำบลค้อน้อย\หน่วยที่ 9,election_day,146
อำเภอสำโรง,ตำบลหนองไฮ,election_data\อำเภอสำโรง\ตำบลหนองไฮ\หน่วยที่ 1,election_day,267
อำเภอสำโรง,ตำบลหนองไฮ,election_data\อำเภอสำโรง\ตำบลหนองไฮ\หน่วยที่ 10,election_day,267
อำเภอสำโรง,ตำบลหนองไฮ,election_data\อำเภอสำโรง\ตำบลหนองไฮ\หน่วยที่ 11,election_day,151
อำเภอสำโรง,ตำบลหนองไฮ,election_data\อำเภอสำโรง\ตำบลหนองไฮ\หน่วยที่ 12,election_day,161
อำเภอสำโรง,ตำบลหนองไฮ,election_data\อำเภอสำโรง\ตำบลหนองไฮ\หน่วยที่ 2,election_day,281
อำเภอสำโรง,ตำบลหนองไฮ,election_data\อำเภอสำโรง\ตำบลหนองไฮ\หน่วยที่ 3,election_day,165
อำเภอสำโรง,ตำบลหนองไฮ,election_data\อำเภอสำโรง\ตำบลหนองไฮ\หน่วยที่ 4,election_day,145
อำเภอสำโรง,ตำบลหนองไฮ,election_data\อำเภอสำโรง\ตำบลหนองไฮ\หน่วยที่ 5,election_day,185
อำเภอสำโรง,ตำบลหนองไฮ,election_data\อำเภอสำโรง\ตำบลหนองไฮ\หน่วยที่ 6,election_day,203
อำเภอสำโรง,ตำบลหนองไฮ,election_data\อำเภอสำโรง\ตำบลหนองไฮ\หน่วยที่ 7,election_day,337
อำเภอสำโรง,ตำบลหนองไฮ,election_data\อำเภอสำโรง\ตำบลหนองไฮ\หน่วยที่ 8,election_day,391
อำเภอสำโรง,ตำบลหนองไฮ,election_data\อำเภอสำโรง\ตำบลหนองไฮ\หน่วยที่ 9,election_day,299
อำเภอสำโรง,ตำบลโคกสว่าง,election_data\อำเภอสำโรง\ตำบลโคกสว่าง\หน่วยที่ 1,election_day,285
อำเภอสำโรง,ตำบลโคกสว่าง,election_data\อำเภอสำโรง\ตำบลโคกสว่าง\หน่วยที่ 10,election_day,108
อำเภอสำโรง,ตำบลโคกสว่าง,election_data\อำเภอสำโรง\ตำบลโคกสว่าง\หน่วยที่ 11,election_day,351
อำเภอสำโรง,ตำบลโคกสว่าง,election_data\อำเภอสำโรง\ตำบลโคกสว่าง\หน่วยที่ 12,election_day,255
อำเภอสำโรง,ตำบลโคกสว่าง,election_data\อำเภอสำโรง\ตำบลโคกสว่าง\หน่วยที่ 2,election_day,241
อำเภอสำโรง,ตำบลโคกสว่าง,election_data\อำเภอสำโรง\ตำบลโคกสว่าง\หน่วยที่ 3,election_day,394
อำเภอสำโรง,ตำบลโคกสว่าง,election_data\อำเภอสำโรง\ตำบลโคกสว่าง\หน่วยที่ 4,election_day,397
อำเภอสำโรง,ตำบลโคกสว่าง,election_data\อำเภอสำโรง\ตำบลโคกสว่าง\หน่วยที่ 5,election_day,265
อำเภอสำโรง,ตำบลโคกสว่าง,election_data\อำเภอสำโรง\ตำบลโคกสว่าง\หน่วยที่ 6,election_day,237
อำเภอสำโรง,ตำบลโคกสว่าง,election_data\อำเภอสำโรง\ตำบลโคกสว่าง\หน่วยที่ 7,election_day,291
อำเภอสำโรง,ตำบลโคกสว่าง,election_data\อำเภอสำโรง\ตำบลโคกสว่าง\หน่วยที่ 8,election_day,141
อำเภอสำโรง,ตำบลโคกสว่าง,election_data\อำเภอสำโรง\ตำบลโคกสว่าง\หน่วยที่ 9,election_day,154
อำเภอสำโรง,ตำบลโนนกลาง,election_data\อำเภอสำโรง\ตำบลโนนกลาง\หน่วยที่ 1,election_day,165
อำเภอสำโรง,ตำบลโนนกลาง,election_data\อำเภอสำโรง\ตำบลโนนกลาง\หน่วยที่ 10,election_day,156
อำเภอสำโรง,ตำบลโนนกลาง,election_data\อำเภอสำโรง\ตำบลโนนกลาง\หน่วยที่ 2,election_day,128
อำเภอสำโรง,ตำบลโนนกลาง,election_data\อำเภอสำโรง\ตำบลโนนกลาง\หน่วยที่ 3,election_day,126
อำเภอสำโรง,ตำบลโนนกลาง,election_data\อำเภอสำโรง\ตำบลโนนกลาง\หน่วยที่ 4,election_day,91
อำเภอสำโรง,ตำบลโนนกลาง,election_data\อำเภอสำโรง\ตำบลโนนกลาง\หน่วยที่ 5,election_day,204
อำเภอสำโรง,ตำบลโนนกลาง,election_data\อำเภอสำโรง\ตำบลโนนกลาง\หน่วยที่ 6,election_day,155
อำเภอสำโรง,ตำบลโนนกลาง,election_data\อำเภอสำโรง\ตำบลโนนกลาง\หน่วยที่ 7,election_day,273
อำเภอสำโรง,ตำบลโนนกลาง,election_data\อำเภอสำโรง\ตำบลโนนกลาง\หน่วยที่ 8,election_day,129
อำเภอสำโรง,ตำบลโนนกลาง,election_data\อำเภอสำโรง\ตำบลโนนกลาง\หน่วยที่ 9,election_day,101
อำเภอสำโรง,ตำบลโนนกาเล็น,election_data\อำเภอสำโรง\ตำบลโนนกาเล็น\หน่วยที่ 1,election_day,234
อำเภอสำโรง,ตำบลโนนกาเล็น,election_data\อำเภอสำโรง\ตำบลโนนกาเล็น\หน่วยที่ 10,election_day,52
อำเภอสำโรง,ตำบลโนนกาเล็น,election_data\อำเภอสำโรง\ตำบลโนนกาเล็น\หน่วยที่ 11,election_day,199
อำเภอสำโรง,ตำบลโนนกาเล็น,election_data\อำเภอสำโรง\ตำบลโนนกาเล็น\หน่วยที่ 12,election_day,123
อำเภอสำโรง,ตำบลโนนกาเล็น,election_data\อำเภอสำโรง\ตำบลโนนกาเล็น\หน่วยที่ 13,election_day,162
อำเภอสำโรง,ตำบลโนนกาเล็น,election_data\อำเภอสำโรง\ตำบลโนนกาเล็น\หน่วยที่ 2,election_day,168
อำเภอสำโรง,ตำบลโนนกาเล็น,election_data\อำเภอสำโรง\ตำบลโนนกาเล็น\หน่วยที่ 3,election_day,236
อำเภอสำโรง,ตำบลโนนกาเล็น,election_data\อำเภอสำโรง\ตำบลโนนกาเล็น\หน่วยที่ 4,election_day,234
อำเภอสำโรง,ตำบลโนนกาเล็น,election_data\อำเภอสำโรง\ตำบลโนนกาเล็น\หน่วยที่ 5,election_day,343
อำเภอสำโรง,ตำบลโนนกาเล็น,election_data\อำเภอสำโรง\ตำบลโนนกาเล็น\หน่วยที่ 6,election_day,302
อำเภอสำโรง,ตำบลโนนกาเล็น,election_data\อำเภอสำโรง\ตำบลโนนกาเล็น\หน่วยที่ 7,election_day,226
อำเภอสำโรง,ตำบลโนนกาเล็น,election_data\อำเภอสำโรง\ตำบลโนนกาเล็น\หน่วยที่ 8,election_day,160
อำเภอสำโรง,ตำบลโนนกาเล็น,election_data\อำเภอสำโรง\ตำบลโนนกาเล็น\หน่วยที่ 9,election_day,338
